"","event.id","visible","timestamp","location.long","location.lat","gps.hdop","gps.maximum.signal.strength","gps.satellite.count","ground.speed","height.above.ellipsoid","height.above.msl","sensor.type","individual.taxon.canonical.name","tag.local.identifier","individual.local.identifier","study.name"
"1",5995292480,"true","2018-04-18 23:54:51.000",-6.44281,36.99134,3.2,355,4,0,NA,4,"gps","Nyctalus lasiopterus","GPA-1_60F1_S1","60F1","Nyctalus lasiopterus noctulo mayor Donana"
"2",5995292481,"true","2018-04-19 19:26:35.000",-6.49177,36.98097,1,444,6,6.166666716,NA,112,"gps","Nyctalus lasiopterus","GPA-1_60F1_S1","60F1","Nyctalus lasiopterus noctulo mayor Donana"
"3",5995292482,"true","2018-04-19 19:27:01.000",-6.49077,36.98206,1,340,6,6.166666716,NA,112,"gps","Nyctalus lasiopterus","GPA-1_60F1_S1","60F1","Nyctalus lasiopterus noctulo mayor Donana"
"4",5995292483,"true","2018-04-19 19:27:31.000",-6.4896,36.98275,1,345,6,2.055555572,NA,100,"gps","Nyctalus lasiopterus","GPA-1_60F1_S1","60F1","Nyctalus lasiopterus noctulo mayor Donana"
"5",5995292484,"true","2018-04-19 19:28:01.000",-6.48875,36.98325,1,454,6,1.027777786,NA,58,"gps","Nyctalus lasiopterus","GPA-1_60F1_S1","60F1","Nyctalus lasiopterus noctulo mayor Donana"
"6",5995292485,"true","2018-04-19 19:28:31.000",-6.48752,36.98418,1,422,6,3.083333358,NA,58,"gps","Nyctalus lasiopterus","GPA-1_60F1_S1","60F1","Nyctalus lasiopterus noctulo mayor Donana"
"7",5995292486,"true","2018-04-19 19:29:01.000",-6.48614,36.98386,1,384,6,5.13888893,NA,40,"gps","Nyctalus lasiopterus","GPA-1_60F1_S1","60F1","Nyctalus lasiopterus noctulo mayor Donana"
"8",5995292487,"true","2018-04-19 19:29:31.000",-6.48529,36.98383,1,415,6,4.111111144,NA,36,"gps","Nyctalus lasiopterus","GPA-1_60F1_S1","60F1","Nyctalus lasiopterus noctulo mayor Donana"
"9",5995292488,"true","2018-04-19 19:30:00.000",-6.48385,36.98344,1.4,345,3,4.111111144,NA,32,"gps","Nyctalus lasiopterus","GPA-1_60F1_S1","60F1","Nyctalus lasiopterus noctulo mayor Donana"
"10",5995292489,"true","2018-04-19 19:30:02.000",-6.48378,36.9834,1.2,378,4,4.111111144,NA,50,"gps","Nyctalus lasiopterus","GPA-1_60F1_S1","60F1","Nyctalus lasiopterus noctulo mayor Donana"
"11",5995292490,"true","2018-04-19 19:30:33.000",-6.4827,36.98258,1,338,6,4.111111144,NA,32,"gps","Nyctalus lasiopterus","GPA-1_60F1_S1","60F1","Nyctalus lasiopterus noctulo mayor Donana"
"12",5995292491,"true","2018-04-19 19:31:03.000",-6.48278,36.9821,1,343,6,4.111111144,NA,46,"gps","Nyctalus lasiopterus","GPA-1_60F1_S1","60F1","Nyctalus lasiopterus noctulo mayor Donana"
"13",5995292492,"true","2018-04-19 19:31:33.000",-6.48173,36.98214,1,388,6,7.194444502,NA,44,"gps","Nyctalus lasiopterus","GPA-1_60F1_S1","60F1","Nyctalus lasiopterus noctulo mayor Donana"
"14",5995292493,"true","2018-04-19 19:32:03.000",-6.48133,36.98139,1,415,6,5.13888893,NA,28,"gps","Nyctalus lasiopterus","GPA-1_60F1_S1","60F1","Nyctalus lasiopterus noctulo mayor Donana"
"15",5995292494,"true","2018-04-19 19:32:33.000",-6.48062,36.98158,1,350,6,3.083333358,NA,22,"gps","Nyctalus lasiopterus","GPA-1_60F1_S1","60F1","Nyctalus lasiopterus noctulo mayor Donana"
"16",5995292495,"true","2018-04-19 19:33:02.000",-6.48048,36.98089,1.1,338,4,4.111111144,NA,20,"gps","Nyctalus lasiopterus","GPA-1_60F1_S1","60F1","Nyctalus lasiopterus noctulo mayor Donana"
"17",5995292496,"true","2018-04-19 19:33:33.000",-6.47961,36.98198,1.1,431,4,12.333333432,NA,-22,"gps","Nyctalus lasiopterus","GPA-1_60F1_S1","60F1","Nyctalus lasiopterus noctulo mayor Donana"
"18",5995292497,"true","2018-04-19 19:34:03.000",-6.48049,36.98132,1,344,6,3.083333358,NA,30,"gps","Nyctalus lasiopterus","GPA-1_60F1_S1","60F1","Nyctalus lasiopterus noctulo mayor Donana"
"19",5995292498,"true","2018-04-19 19:34:33.000",-6.47927,36.98208,1.1,312,5,3.083333358,NA,32,"gps","Nyctalus lasiopterus","GPA-1_60F1_S1","60F1","Nyctalus lasiopterus noctulo mayor Donana"
"20",5995292499,"true","2018-04-19 19:35:03.000",-6.47914,36.98143,1,386,6,4.111111144,NA,30,"gps","Nyctalus lasiopterus","GPA-1_60F1_S1","60F1","Nyctalus lasiopterus noctulo mayor Donana"
"21",5995292500,"true","2018-04-19 19:35:33.000",-6.47974,36.98229,1,412,6,7.194444502,NA,18,"gps","Nyctalus lasiopterus","GPA-1_60F1_S1","60F1","Nyctalus lasiopterus noctulo mayor Donana"
"22",5995292501,"true","2018-04-19 19:36:03.000",-6.4788,36.982,1,366,6,5.13888893,NA,18,"gps","Nyctalus lasiopterus","GPA-1_60F1_S1","60F1","Nyctalus lasiopterus noctulo mayor Donana"
"23",5995292502,"true","2018-04-19 19:36:33.000",-6.47943,36.98119,1,413,6,6.166666716,NA,24,"gps","Nyctalus lasiopterus","GPA-1_60F1_S1","60F1","Nyctalus lasiopterus noctulo mayor Donana"
"24",5995292503,"true","2018-04-19 19:37:03.000",-6.48154,36.98097,1,410,5,5.13888893,NA,20,"gps","Nyctalus lasiopterus","GPA-1_60F1_S1","60F1","Nyctalus lasiopterus noctulo mayor Donana"
"25",5995292504,"true","2018-04-19 19:37:33.000",-6.48162,36.98018,1,373,6,5.13888893,NA,26,"gps","Nyctalus lasiopterus","GPA-1_60F1_S1","60F1","Nyctalus lasiopterus noctulo mayor Donana"
"26",5995292505,"true","2018-04-19 19:38:04.000",-6.48136,36.98035,1,425,6,7.194444502,NA,22,"gps","Nyctalus lasiopterus","GPA-1_60F1_S1","60F1","Nyctalus lasiopterus noctulo mayor Donana"
"27",5995292506,"true","2018-04-19 19:38:33.000",-6.48098,36.98086,1,343,6,4.111111144,NA,24,"gps","Nyctalus lasiopterus","GPA-1_60F1_S1","60F1","Nyctalus lasiopterus noctulo mayor Donana"
"28",5995292507,"true","2018-04-19 19:39:03.000",-6.48131,36.98127,1,422,6,7.194444502,NA,0,"gps","Nyctalus lasiopterus","GPA-1_60F1_S1","60F1","Nyctalus lasiopterus noctulo mayor Donana"
"29",5995292508,"true","2018-04-19 19:39:33.000",-6.48137,36.98137,1,391,6,3.083333358,NA,28,"gps","Nyctalus lasiopterus","GPA-1_60F1_S1","60F1","Nyctalus lasiopterus noctulo mayor Donana"
"30",5995292509,"true","2018-04-19 19:40:02.000",-6.48096,36.98086,1.2,334,4,2.055555572,NA,34,"gps","Nyctalus lasiopterus","GPA-1_60F1_S1","60F1","Nyctalus lasiopterus noctulo mayor Donana"
"31",5995292510,"true","2018-04-19 19:40:32.000",-6.48171,36.98007,1.3,470,3,5.13888893,NA,-4,"gps","Nyctalus lasiopterus","GPA-1_60F1_S1","60F1","Nyctalus lasiopterus noctulo mayor Donana"
"32",5995292511,"true","2018-04-19 19:41:03.000",-6.48171,36.98007,1.3,365,5,3.083333358,NA,18,"gps","Nyctalus lasiopterus","GPA-1_60F1_S1","60F1","Nyctalus lasiopterus noctulo mayor Donana"
"33",5995292512,"true","2018-04-19 19:41:33.000",-6.48142,36.97968,1,348,6,5.13888893,NA,10,"gps","Nyctalus lasiopterus","GPA-1_60F1_S1","60F1","Nyctalus lasiopterus noctulo mayor Donana"
"34",5995292513,"true","2018-04-19 19:42:03.000",-6.48079,36.98009,1,404,6,6.166666716,NA,12,"gps","Nyctalus lasiopterus","GPA-1_60F1_S1","60F1","Nyctalus lasiopterus noctulo mayor Donana"
"35",5995292514,"true","2018-04-19 19:42:33.000",-6.4806,36.98029,1,341,6,4.111111144,NA,18,"gps","Nyctalus lasiopterus","GPA-1_60F1_S1","60F1","Nyctalus lasiopterus noctulo mayor Donana"
"36",5995292515,"true","2018-04-19 19:43:03.000",-6.48036,36.97954,1,375,6,4.111111144,NA,18,"gps","Nyctalus lasiopterus","GPA-1_60F1_S1","60F1","Nyctalus lasiopterus noctulo mayor Donana"
"37",5995292516,"true","2018-04-19 19:43:33.000",-6.48012,36.98012,1,447,7,6.166666716,NA,12,"gps","Nyctalus lasiopterus","GPA-1_60F1_S1","60F1","Nyctalus lasiopterus noctulo mayor Donana"
"38",5995292517,"true","2018-04-19 19:44:03.000",-6.4812,36.98183,1,440,6,9.250000074,NA,12,"gps","Nyctalus lasiopterus","GPA-1_60F1_S1","60F1","Nyctalus lasiopterus noctulo mayor Donana"
"39",5995292518,"true","2018-04-19 19:44:33.000",-6.48032,36.98373,1,453,7,9.250000074,NA,24,"gps","Nyctalus lasiopterus","GPA-1_60F1_S1","60F1","Nyctalus lasiopterus noctulo mayor Donana"
"40",5995292519,"true","2018-04-19 19:45:03.000",-6.48025,36.98313,1,381,7,4.111111144,NA,30,"gps","Nyctalus lasiopterus","GPA-1_60F1_S1","60F1","Nyctalus lasiopterus noctulo mayor Donana"
"41",5995292520,"true","2018-04-19 19:45:33.000",-6.48013,36.98158,0.4,336,7,6.166666716,NA,18,"gps","Nyctalus lasiopterus","GPA-1_60F1_S1","60F1","Nyctalus lasiopterus noctulo mayor Donana"
"42",5995292521,"true","2018-04-19 19:46:03.000",-6.48177,36.98079,1,349,6,4.111111144,NA,18,"gps","Nyctalus lasiopterus","GPA-1_60F1_S1","60F1","Nyctalus lasiopterus noctulo mayor Donana"
"43",5995292522,"true","2018-04-19 19:46:33.000",-6.48119,36.97999,0.4,417,7,4.111111144,NA,30,"gps","Nyctalus lasiopterus","GPA-1_60F1_S1","60F1","Nyctalus lasiopterus noctulo mayor Donana"
"44",5995292523,"true","2018-04-19 19:47:03.000",-6.4815,36.9789,1.2,292,5,13.388888996,NA,28,"gps","Nyctalus lasiopterus","GPA-1_60F1_S1","60F1","Nyctalus lasiopterus noctulo mayor Donana"
"45",5995292524,"true","2018-04-19 19:47:33.000",-6.48192,36.97751,1,354,6,6.166666716,NA,32,"gps","Nyctalus lasiopterus","GPA-1_60F1_S1","60F1","Nyctalus lasiopterus noctulo mayor Donana"
"46",5995292525,"true","2018-04-19 19:48:03.000",-6.48283,36.97649,0.4,381,7,1.027777786,NA,44,"gps","Nyctalus lasiopterus","GPA-1_60F1_S1","60F1","Nyctalus lasiopterus noctulo mayor Donana"
"47",5995292526,"true","2018-04-19 19:48:33.000",-6.48287,36.97506,0.4,453,7,4.111111144,NA,34,"gps","Nyctalus lasiopterus","GPA-1_60F1_S1","60F1","Nyctalus lasiopterus noctulo mayor Donana"
"48",5995292527,"true","2018-04-19 19:49:03.000",-6.48322,36.97393,0.4,388,7,4.111111144,NA,48,"gps","Nyctalus lasiopterus","GPA-1_60F1_S1","60F1","Nyctalus lasiopterus noctulo mayor Donana"
"49",5995292528,"true","2018-04-19 19:49:33.000",-6.48242,36.97403,1.4,448,6,6.166666716,NA,30,"gps","Nyctalus lasiopterus","GPA-1_60F1_S1","60F1","Nyctalus lasiopterus noctulo mayor Donana"
"50",5995292529,"true","2018-04-19 19:50:03.000",-6.481,36.97536,1,446,6,6.166666716,NA,22,"gps","Nyctalus lasiopterus","GPA-1_60F1_S1","60F1","Nyctalus lasiopterus noctulo mayor Donana"
"51",5995292530,"true","2018-04-19 19:50:33.000",-6.48101,36.97617,1,395,6,5.13888893,NA,18,"gps","Nyctalus lasiopterus","GPA-1_60F1_S1","60F1","Nyctalus lasiopterus noctulo mayor Donana"
"52",5995292531,"true","2018-04-19 19:51:03.000",-6.48057,36.9775,1,454,6,3.083333358,NA,-22,"gps","Nyctalus lasiopterus","GPA-1_60F1_S1","60F1","Nyctalus lasiopterus noctulo mayor Donana"
"53",5995292532,"true","2018-04-19 19:51:33.000",-6.4793,36.97765,1,381,6,4.111111144,NA,36,"gps","Nyctalus lasiopterus","GPA-1_60F1_S1","60F1","Nyctalus lasiopterus noctulo mayor Donana"
"54",5995292533,"true","2018-04-19 19:52:03.000",-6.47802,36.97759,1,399,6,5.13888893,NA,62,"gps","Nyctalus lasiopterus","GPA-1_60F1_S1","60F1","Nyctalus lasiopterus noctulo mayor Donana"
"55",5995292534,"true","2018-04-19 19:52:33.000",-6.47665,36.97869,1,365,6,6.166666716,NA,48,"gps","Nyctalus lasiopterus","GPA-1_60F1_S1","60F1","Nyctalus lasiopterus noctulo mayor Donana"
"56",5995292535,"true","2018-04-19 19:53:03.000",-6.47574,36.97891,1,406,6,5.13888893,NA,32,"gps","Nyctalus lasiopterus","GPA-1_60F1_S1","60F1","Nyctalus lasiopterus noctulo mayor Donana"
"57",5995292536,"true","2018-04-19 19:53:33.000",-6.47432,36.97976,1,333,6,4.111111144,NA,26,"gps","Nyctalus lasiopterus","GPA-1_60F1_S1","60F1","Nyctalus lasiopterus noctulo mayor Donana"
"58",5995292537,"true","2018-04-19 19:54:03.000",-6.47332,36.97935,1,422,6,3.083333358,NA,34,"gps","Nyctalus lasiopterus","GPA-1_60F1_S1","60F1","Nyctalus lasiopterus noctulo mayor Donana"
"59",5995292538,"true","2018-04-19 19:54:33.000",-6.47211,36.9797,1,335,6,6.166666716,NA,28,"gps","Nyctalus lasiopterus","GPA-1_60F1_S1","60F1","Nyctalus lasiopterus noctulo mayor Donana"
"60",5995292539,"true","2018-04-19 19:55:03.000",-6.47054,36.98057,1,438,5,4.111111144,NA,56,"gps","Nyctalus lasiopterus","GPA-1_60F1_S1","60F1","Nyctalus lasiopterus noctulo mayor Donana"
"61",5995292540,"true","2018-04-19 19:55:33.000",-6.46917,36.98066,1.1,311,4,5.13888893,NA,38,"gps","Nyctalus lasiopterus","GPA-1_60F1_S1","60F1","Nyctalus lasiopterus noctulo mayor Donana"
"62",5995292541,"true","2018-04-19 19:56:03.000",-6.46749,36.98072,1,448,6,7.194444502,NA,14,"gps","Nyctalus lasiopterus","GPA-1_60F1_S1","60F1","Nyctalus lasiopterus noctulo mayor Donana"
"63",5995292542,"true","2018-04-19 19:56:33.000",-6.46535,36.98075,1,413,6,5.13888893,NA,20,"gps","Nyctalus lasiopterus","GPA-1_60F1_S1","60F1","Nyctalus lasiopterus noctulo mayor Donana"
"64",5995292543,"true","2018-04-19 19:57:03.000",-6.4637,36.98074,1,407,6,4.111111144,NA,26,"gps","Nyctalus lasiopterus","GPA-1_60F1_S1","60F1","Nyctalus lasiopterus noctulo mayor Donana"
"65",5995292544,"true","2018-04-19 19:57:33.000",-6.46231,36.98001,0.4,470,6,5.13888893,NA,32,"gps","Nyctalus lasiopterus","GPA-1_60F1_S1","60F1","Nyctalus lasiopterus noctulo mayor Donana"
"66",5995292545,"true","2018-04-19 19:58:03.000",-6.46081,36.98027,0.4,411,6,2.055555572,NA,44,"gps","Nyctalus lasiopterus","GPA-1_60F1_S1","60F1","Nyctalus lasiopterus noctulo mayor Donana"
"67",5995292546,"true","2018-04-19 19:58:33.000",-6.45976,36.98102,0.4,429,6,4.111111144,NA,32,"gps","Nyctalus lasiopterus","GPA-1_60F1_S1","60F1","Nyctalus lasiopterus noctulo mayor Donana"
"68",5995292547,"true","2018-04-19 19:59:03.000",-6.45847,36.98211,0.4,409,6,5.13888893,NA,38,"gps","Nyctalus lasiopterus","GPA-1_60F1_S1","60F1","Nyctalus lasiopterus noctulo mayor Donana"
"69",5995292548,"true","2018-04-19 19:59:32.000",-6.45683,36.98352,2.1,410,3,7.194444502,NA,-8,"gps","Nyctalus lasiopterus","GPA-1_60F1_S1","60F1","Nyctalus lasiopterus noctulo mayor Donana"
"70",5995292549,"true","2018-04-19 20:00:03.000",-6.45573,36.98448,1,396,5,5.13888893,NA,18,"gps","Nyctalus lasiopterus","GPA-1_60F1_S1","60F1","Nyctalus lasiopterus noctulo mayor Donana"
"71",5995292550,"true","2018-04-19 20:00:32.000",-6.45386,36.98452,2,378,3,4.111111144,NA,32,"gps","Nyctalus lasiopterus","GPA-1_60F1_S1","60F1","Nyctalus lasiopterus noctulo mayor Donana"
"72",5995292551,"true","2018-04-19 20:01:03.000",-6.45202,36.98534,1,372,5,6.166666716,NA,22,"gps","Nyctalus lasiopterus","GPA-1_60F1_S1","60F1","Nyctalus lasiopterus noctulo mayor Donana"
"73",5995292552,"true","2018-04-19 20:01:33.000",-6.45045,36.98603,0.4,412,6,4.111111144,NA,36,"gps","Nyctalus lasiopterus","GPA-1_60F1_S1","60F1","Nyctalus lasiopterus noctulo mayor Donana"
"74",5995292553,"true","2018-04-19 20:02:02.000",-6.44929,36.98636,1.3,428,4,6.166666716,NA,60,"gps","Nyctalus lasiopterus","GPA-1_60F1_S1","60F1","Nyctalus lasiopterus noctulo mayor Donana"
"75",5995292554,"true","2018-04-19 20:02:33.000",-6.44858,36.98619,0.4,466,6,3.083333358,NA,56,"gps","Nyctalus lasiopterus","GPA-1_60F1_S1","60F1","Nyctalus lasiopterus noctulo mayor Donana"
"76",5995292555,"true","2018-04-19 20:03:02.000",-6.44831,36.98586,1,388,5,1.027777786,NA,52,"gps","Nyctalus lasiopterus","GPA-1_60F1_S1","60F1","Nyctalus lasiopterus noctulo mayor Donana"
"77",5995292556,"true","2018-04-19 20:03:33.000",-6.44734,36.98545,0.4,382,6,4.111111144,NA,44,"gps","Nyctalus lasiopterus","GPA-1_60F1_S1","60F1","Nyctalus lasiopterus noctulo mayor Donana"
"78",5995292557,"true","2018-04-19 20:04:02.000",-6.44645,36.98611,1,338,5,6.166666716,NA,20,"gps","Nyctalus lasiopterus","GPA-1_60F1_S1","60F1","Nyctalus lasiopterus noctulo mayor Donana"
"79",5995292558,"true","2018-04-19 20:04:33.000",-6.44542,36.98576,0.4,385,6,4.111111144,NA,28,"gps","Nyctalus lasiopterus","GPA-1_60F1_S1","60F1","Nyctalus lasiopterus noctulo mayor Donana"
"80",5995292559,"true","2018-04-19 20:05:03.000",-6.44391,36.98682,0.4,330,6,5.13888893,NA,46,"gps","Nyctalus lasiopterus","GPA-1_60F1_S1","60F1","Nyctalus lasiopterus noctulo mayor Donana"
"81",5995292560,"true","2018-04-19 20:05:32.000",-6.44278,36.98864,1.3,421,4,10.27777786,NA,46,"gps","Nyctalus lasiopterus","GPA-1_60F1_S1","60F1","Nyctalus lasiopterus noctulo mayor Donana"
"82",5995292561,"true","2018-04-19 20:06:03.000",-6.44353,36.99045,0.4,371,6,8.222222288,NA,-6,"gps","Nyctalus lasiopterus","GPA-1_60F1_S1","60F1","Nyctalus lasiopterus noctulo mayor Donana"
"83",5995292562,"true","2018-04-19 20:06:32.000",-6.44319,36.99064,1.4,364,3,6.166666716,NA,0,"gps","Nyctalus lasiopterus","GPA-1_60F1_S1","60F1","Nyctalus lasiopterus noctulo mayor Donana"
"84",5995292563,"true","2018-04-19 20:07:04.000",-6.44338,36.99069,2.4,307,3,3.083333358,NA,2,"gps","Nyctalus lasiopterus","GPA-1_60F1_S1","60F1","Nyctalus lasiopterus noctulo mayor Donana"
"85",5995292564,"true","2018-04-19 20:07:33.000",-6.4434,36.9905,1,326,5,0,NA,4,"gps","Nyctalus lasiopterus","GPA-1_60F1_S1","60F1","Nyctalus lasiopterus noctulo mayor Donana"
"86",5995292565,"true","2018-04-19 20:08:02.000",-6.44342,36.99052,1.2,378,4,1.027777786,NA,10,"gps","Nyctalus lasiopterus","GPA-1_60F1_S1","60F1","Nyctalus lasiopterus noctulo mayor Donana"
"87",5995292566,"true","2018-04-19 20:08:33.000",-6.44347,36.99057,1.2,262,4,4.111111144,NA,8,"gps","Nyctalus lasiopterus","GPA-1_60F1_S1","60F1","Nyctalus lasiopterus noctulo mayor Donana"
"88",5995292567,"true","2018-04-19 20:09:03.000",-6.44343,36.99066,1.2,283,4,0,NA,-26,"gps","Nyctalus lasiopterus","GPA-1_60F1_S1","60F1","Nyctalus lasiopterus noctulo mayor Donana"
"89",5995292568,"true","2018-04-19 20:09:33.000",-6.44348,36.99037,1.4,159,3,0,NA,44,"gps","Nyctalus lasiopterus","GPA-1_60F1_S1","60F1","Nyctalus lasiopterus noctulo mayor Donana"
"90",5995292569,"true","2018-04-19 20:10:04.000",-6.44328,36.9907,1.2,252,4,0,NA,-46,"gps","Nyctalus lasiopterus","GPA-1_60F1_S1","60F1","Nyctalus lasiopterus noctulo mayor Donana"
"91",5995292570,"true","2018-04-19 20:10:33.000",-6.44349,36.99059,1.2,251,4,1.027777786,NA,0,"gps","Nyctalus lasiopterus","GPA-1_60F1_S1","60F1","Nyctalus lasiopterus noctulo mayor Donana"
"92",5995292571,"true","2018-04-19 20:11:06.000",-6.4434,36.99066,3,302,3,1.027777786,NA,-12,"gps","Nyctalus lasiopterus","GPA-1_60F1_S1","60F1","Nyctalus lasiopterus noctulo mayor Donana"
"93",5995292572,"true","2018-04-19 20:11:36.000",-6.44339,36.99057,1,255,5,0,NA,-8,"gps","Nyctalus lasiopterus","GPA-1_60F1_S1","60F1","Nyctalus lasiopterus noctulo mayor Donana"
"94",5995292573,"true","2018-04-19 20:12:03.000",-6.44336,36.99069,2,197,3,0,NA,-58,"gps","Nyctalus lasiopterus","GPA-1_60F1_S1","60F1","Nyctalus lasiopterus noctulo mayor Donana"
"95",5995292574,"true","2018-04-19 20:12:36.000",-6.44361,36.99045,1.1,222,5,0,NA,-12,"gps","Nyctalus lasiopterus","GPA-1_60F1_S1","60F1","Nyctalus lasiopterus noctulo mayor Donana"
"96",5995292575,"true","2018-04-19 20:13:03.000",-6.44336,36.99056,1.4,280,3,0,NA,-10,"gps","Nyctalus lasiopterus","GPA-1_60F1_S1","60F1","Nyctalus lasiopterus noctulo mayor Donana"
"97",5995292576,"true","2018-04-19 20:13:34.000",-6.44333,36.99062,1.4,201,3,0,NA,-10,"gps","Nyctalus lasiopterus","GPA-1_60F1_S1","60F1","Nyctalus lasiopterus noctulo mayor Donana"
"98",5995292577,"true","2018-04-19 20:14:04.000",-6.44369,36.99041,1.4,364,3,0,NA,28,"gps","Nyctalus lasiopterus","GPA-1_60F1_S1","60F1","Nyctalus lasiopterus noctulo mayor Donana"
"99",5995292578,"true","2018-04-19 20:14:34.000",-6.44364,36.99032,1.4,243,3,0,NA,44,"gps","Nyctalus lasiopterus","GPA-1_60F1_S1","60F1","Nyctalus lasiopterus noctulo mayor Donana"
"100",5995292579,"true","2018-04-19 20:15:04.000",-6.44334,36.99062,1.4,233,3,0,NA,-60,"gps","Nyctalus lasiopterus","GPA-1_60F1_S1","60F1","Nyctalus lasiopterus noctulo mayor Donana"
"101",5995292580,"true","2018-04-19 20:15:32.000",-6.44302,36.99042,1.4,242,3,1.027777786,NA,-10,"gps","Nyctalus lasiopterus","GPA-1_60F1_S1","60F1","Nyctalus lasiopterus noctulo mayor Donana"
"102",5995292581,"true","2018-04-19 20:16:05.000",-6.4439,36.9902,1.4,265,3,0,NA,40,"gps","Nyctalus lasiopterus","GPA-1_60F1_S1","60F1","Nyctalus lasiopterus noctulo mayor Donana"
"103",5995292582,"true","2018-04-19 20:16:33.000",-6.44349,36.99049,1.2,245,4,0,NA,8,"gps","Nyctalus lasiopterus","GPA-1_60F1_S1","60F1","Nyctalus lasiopterus noctulo mayor Donana"
"104",5995292583,"true","2018-04-19 20:17:04.000",-6.44324,36.99068,1.3,255,3,0,NA,-6,"gps","Nyctalus lasiopterus","GPA-1_60F1_S1","60F1","Nyctalus lasiopterus noctulo mayor Donana"
"105",5995292584,"true","2018-04-19 20:17:33.000",-6.44334,36.9908,2,266,3,0,NA,-60,"gps","Nyctalus lasiopterus","GPA-1_60F1_S1","60F1","Nyctalus lasiopterus noctulo mayor Donana"
"106",5995292585,"true","2018-04-19 20:18:04.000",-6.44352,36.99054,1.3,221,3,0,NA,18,"gps","Nyctalus lasiopterus","GPA-1_60F1_S1","60F1","Nyctalus lasiopterus noctulo mayor Donana"
"107",5995292586,"true","2018-04-19 20:18:35.000",-6.44323,36.99084,1.2,265,4,0,NA,-42,"gps","Nyctalus lasiopterus","GPA-1_60F1_S1","60F1","Nyctalus lasiopterus noctulo mayor Donana"
"108",5995292587,"true","2018-04-19 20:19:06.000",-6.44316,36.9909,2,259,3,0,NA,-76,"gps","Nyctalus lasiopterus","GPA-1_60F1_S1","60F1","Nyctalus lasiopterus noctulo mayor Donana"
"109",5995292588,"true","2018-04-19 20:19:37.000",-6.44326,36.9908,1.2,159,4,1.027777786,NA,-26,"gps","Nyctalus lasiopterus","GPA-1_60F1_S1","60F1","Nyctalus lasiopterus noctulo mayor Donana"
"110",5995292589,"true","2018-04-19 20:20:08.000",-6.44329,36.99051,3.2,152,3,0,NA,-44,"gps","Nyctalus lasiopterus","GPA-1_60F1_S1","60F1","Nyctalus lasiopterus noctulo mayor Donana"
"111",5995292590,"true","2018-04-19 20:20:36.000",-6.44362,36.99051,4.1,169,3,1.027777786,NA,4,"gps","Nyctalus lasiopterus","GPA-1_60F1_S1","60F1","Nyctalus lasiopterus noctulo mayor Donana"
"112",5995292591,"true","2018-04-19 20:21:05.000",-6.44369,36.99036,4.1,166,3,0,NA,-22,"gps","Nyctalus lasiopterus","GPA-1_60F1_S1","60F1","Nyctalus lasiopterus noctulo mayor Donana"
"113",5995292592,"true","2018-04-19 20:21:37.000",-6.4435,36.99056,1.3,170,3,0,NA,0,"gps","Nyctalus lasiopterus","GPA-1_60F1_S1","60F1","Nyctalus lasiopterus noctulo mayor Donana"
"114",5995292593,"true","2018-04-19 20:22:04.000",-6.44331,36.99084,1.4,131,3,0,NA,-58,"gps","Nyctalus lasiopterus","GPA-1_60F1_S1","60F1","Nyctalus lasiopterus noctulo mayor Donana"
"115",5995292594,"true","2018-04-19 20:22:37.000",-6.44323,36.99055,2.4,90,3,1.027777786,NA,-74,"gps","Nyctalus lasiopterus","GPA-1_60F1_S1","60F1","Nyctalus lasiopterus noctulo mayor Donana"
"116",5995292595,"true","2018-04-19 20:23:08.000",-6.44332,36.99078,1.3,125,3,1.027777786,NA,-12,"gps","Nyctalus lasiopterus","GPA-1_60F1_S1","60F1","Nyctalus lasiopterus noctulo mayor Donana"
"117",5995292596,"true","2018-04-19 20:23:36.000",-6.4439,36.99021,4.4,148,3,2.055555572,NA,-40,"gps","Nyctalus lasiopterus","GPA-1_60F1_S1","60F1","Nyctalus lasiopterus noctulo mayor Donana"
"118",5995292597,"true","2018-04-19 20:24:03.000",-6.4434,36.99046,1.3,146,3,0,NA,28,"gps","Nyctalus lasiopterus","GPA-1_60F1_S1","60F1","Nyctalus lasiopterus noctulo mayor Donana"
"119",5995292598,"true","2018-04-19 20:24:52.000",-6.44343,36.99063,1.3,175,3,0,NA,-12,"gps","Nyctalus lasiopterus","GPA-1_60F1_S1","60F1","Nyctalus lasiopterus noctulo mayor Donana"
"120",5995292599,"true","2018-04-19 20:25:07.000",-6.44337,36.99069,1.3,157,3,0,NA,-16,"gps","Nyctalus lasiopterus","GPA-1_60F1_S1","60F1","Nyctalus lasiopterus noctulo mayor Donana"
"121",5995292600,"true","2018-04-19 20:25:38.000",-6.44312,36.99097,5.2,138,3,3.083333358,NA,48,"gps","Nyctalus lasiopterus","GPA-1_60F1_S1","60F1","Nyctalus lasiopterus noctulo mayor Donana"
"122",5995292601,"true","2018-04-19 20:26:05.000",-6.44384,36.99015,1.3,203,3,0,NA,88,"gps","Nyctalus lasiopterus","GPA-1_60F1_S1","60F1","Nyctalus lasiopterus noctulo mayor Donana"
"123",5995292602,"true","2018-04-19 20:26:35.000",-6.44369,36.99038,1.3,201,3,0,NA,18,"gps","Nyctalus lasiopterus","GPA-1_60F1_S1","60F1","Nyctalus lasiopterus noctulo mayor Donana"
"124",5995292603,"true","2018-04-19 20:27:07.000",-6.44351,36.99059,2.4,263,3,9.250000074,NA,-40,"gps","Nyctalus lasiopterus","GPA-1_60F1_S1","60F1","Nyctalus lasiopterus noctulo mayor Donana"
"125",5995292604,"true","2018-04-19 20:27:34.000",-6.44309,36.99088,2.3,249,4,0,NA,-2,"gps","Nyctalus lasiopterus","GPA-1_60F1_S1","60F1","Nyctalus lasiopterus noctulo mayor Donana"
"126",5995292605,"true","2018-04-19 20:28:04.000",-6.4435,36.99054,1.3,193,3,0,NA,-16,"gps","Nyctalus lasiopterus","GPA-1_60F1_S1","60F1","Nyctalus lasiopterus noctulo mayor Donana"
"127",5995292606,"true","2018-04-19 20:28:36.000",-6.4435,36.99062,1.3,159,3,1.027777786,NA,2,"gps","Nyctalus lasiopterus","GPA-1_60F1_S1","60F1","Nyctalus lasiopterus noctulo mayor Donana"
"128",5995292607,"true","2018-04-19 20:29:06.000",-6.44324,36.99088,6.3,182,3,1.027777786,NA,4,"gps","Nyctalus lasiopterus","GPA-1_60F1_S1","60F1","Nyctalus lasiopterus noctulo mayor Donana"
"129",5995292608,"true","2018-04-19 20:29:37.000",-6.44361,36.99049,3.4,136,3,0,NA,-18,"gps","Nyctalus lasiopterus","GPA-1_60F1_S1","60F1","Nyctalus lasiopterus noctulo mayor Donana"
"130",5995292609,"true","2018-04-19 20:30:06.000",-6.44337,36.99071,3.4,202,3,0,NA,0,"gps","Nyctalus lasiopterus","GPA-1_60F1_S1","60F1","Nyctalus lasiopterus noctulo mayor Donana"
"131",5995292610,"true","2018-04-19 20:30:38.000",-6.4436,36.99045,1.4,132,3,0,NA,-16,"gps","Nyctalus lasiopterus","GPA-1_60F1_S1","60F1","Nyctalus lasiopterus noctulo mayor Donana"
"132",5995292611,"true","2018-04-19 20:31:04.000",-6.4437,36.99055,1.3,294,3,0,NA,-46,"gps","Nyctalus lasiopterus","GPA-1_60F1_S1","60F1","Nyctalus lasiopterus noctulo mayor Donana"
"133",5995292612,"true","2018-04-19 20:31:35.000",-6.44299,36.99104,7.4,204,3,0,NA,18,"gps","Nyctalus lasiopterus","GPA-1_60F1_S1","60F1","Nyctalus lasiopterus noctulo mayor Donana"
"134",5995292613,"true","2018-04-19 20:32:05.000",-6.44348,36.99037,1.1,130,4,0,NA,12,"gps","Nyctalus lasiopterus","GPA-1_60F1_S1","60F1","Nyctalus lasiopterus noctulo mayor Donana"
"135",5995292614,"true","2018-04-19 20:32:38.000",-6.44418,36.98987,8.3,163,3,2.055555572,NA,-2,"gps","Nyctalus lasiopterus","GPA-1_60F1_S1","60F1","Nyctalus lasiopterus noctulo mayor Donana"
"136",5995292615,"true","2018-04-19 20:33:49.000",-6.44338,36.99065,9.3,157,3,0,NA,-18,"gps","Nyctalus lasiopterus","GPA-1_60F1_S1","60F1","Nyctalus lasiopterus noctulo mayor Donana"
"137",5995292616,"true","2018-04-19 20:35:06.000",-6.44354,36.99057,1.2,177,4,0,NA,0,"gps","Nyctalus lasiopterus","GPA-1_60F1_S1","60F1","Nyctalus lasiopterus noctulo mayor Donana"
"138",5995292617,"true","2018-04-19 20:43:53.000",-6.4435,36.99065,1.1,280,5,0,NA,8,"gps","Nyctalus lasiopterus","GPA-1_60F1_S1","60F1","Nyctalus lasiopterus noctulo mayor Donana"
"139",5995292618,"true","2018-04-19 20:44:05.000",-6.44336,36.99079,5.2,244,3,0,NA,-22,"gps","Nyctalus lasiopterus","GPA-1_60F1_S1","60F1","Nyctalus lasiopterus noctulo mayor Donana"
"140",5995292619,"true","2018-04-19 20:44:36.000",-6.44316,36.99082,5.2,299,3,0,NA,-14,"gps","Nyctalus lasiopterus","GPA-1_60F1_S1","60F1","Nyctalus lasiopterus noctulo mayor Donana"
"141",5995292620,"true","2018-04-19 20:45:04.000",-6.44357,36.99057,1.1,289,4,6.166666716,NA,0,"gps","Nyctalus lasiopterus","GPA-1_60F1_S1","60F1","Nyctalus lasiopterus noctulo mayor Donana"
"142",5995292621,"true","2018-04-19 20:45:34.000",-6.44259,36.99,1.1,397,5,4.111111144,NA,24,"gps","Nyctalus lasiopterus","GPA-1_60F1_S1","60F1","Nyctalus lasiopterus noctulo mayor Donana"
"143",5995292622,"true","2018-04-19 20:46:06.000",-6.44088,36.98999,1.2,456,4,3.083333358,NA,0,"gps","Nyctalus lasiopterus","GPA-1_60F1_S1","60F1","Nyctalus lasiopterus noctulo mayor Donana"
"144",5995292623,"true","2018-04-19 20:46:35.000",-6.4403,36.98993,1.1,449,4,3.083333358,NA,4,"gps","Nyctalus lasiopterus","GPA-1_60F1_S1","60F1","Nyctalus lasiopterus noctulo mayor Donana"
"145",5995292624,"true","2018-04-19 20:47:03.000",-6.43975,36.98934,1.1,440,5,2.055555572,NA,14,"gps","Nyctalus lasiopterus","GPA-1_60F1_S1","60F1","Nyctalus lasiopterus noctulo mayor Donana"
"146",5995292625,"true","2018-04-19 20:47:33.000",-6.43976,36.98919,1.1,433,4,1.027777786,NA,26,"gps","Nyctalus lasiopterus","GPA-1_60F1_S1","60F1","Nyctalus lasiopterus noctulo mayor Donana"
"147",5995292626,"true","2018-04-19 20:48:02.000",-6.43949,36.98862,1.1,382,4,4.111111144,NA,0,"gps","Nyctalus lasiopterus","GPA-1_60F1_S1","60F1","Nyctalus lasiopterus noctulo mayor Donana"
"148",5995292627,"true","2018-04-19 20:48:32.000",-6.43967,36.98787,1.2,372,3,3.083333358,NA,2,"gps","Nyctalus lasiopterus","GPA-1_60F1_S1","60F1","Nyctalus lasiopterus noctulo mayor Donana"
"149",5995292628,"true","2018-04-19 20:49:03.000",-6.44005,36.98708,1.1,461,5,8.222222288,NA,36,"gps","Nyctalus lasiopterus","GPA-1_60F1_S1","60F1","Nyctalus lasiopterus noctulo mayor Donana"
"150",5995292629,"true","2018-04-19 20:49:33.000",-6.44033,36.9867,1.1,445,5,2.055555572,NA,56,"gps","Nyctalus lasiopterus","GPA-1_60F1_S1","60F1","Nyctalus lasiopterus noctulo mayor Donana"
"151",5995292630,"true","2018-04-19 20:50:02.000",-6.4398,36.98632,1.1,374,3,2.055555572,NA,24,"gps","Nyctalus lasiopterus","GPA-1_60F1_S1","60F1","Nyctalus lasiopterus noctulo mayor Donana"
"152",5995292631,"true","2018-04-19 20:50:33.000",-6.43885,36.98681,1.2,440,3,1.027777786,NA,26,"gps","Nyctalus lasiopterus","GPA-1_60F1_S1","60F1","Nyctalus lasiopterus noctulo mayor Donana"
"153",5995292632,"true","2018-04-19 20:51:02.000",-6.44093,36.986,1.1,312,5,10.27777786,NA,66,"gps","Nyctalus lasiopterus","GPA-1_60F1_S1","60F1","Nyctalus lasiopterus noctulo mayor Donana"
"154",5995292633,"true","2018-04-19 20:51:32.000",-6.44288,36.98841,1.1,440,5,10.27777786,NA,26,"gps","Nyctalus lasiopterus","GPA-1_60F1_S1","60F1","Nyctalus lasiopterus noctulo mayor Donana"
"155",5995292634,"true","2018-04-19 20:52:02.000",-6.4431,36.99056,1.1,408,4,7.194444502,NA,2,"gps","Nyctalus lasiopterus","GPA-1_60F1_S1","60F1","Nyctalus lasiopterus noctulo mayor Donana"
"156",5995292635,"true","2018-04-19 20:52:33.000",-6.44346,36.99071,1.1,294,4,1.027777786,NA,-2,"gps","Nyctalus lasiopterus","GPA-1_60F1_S1","60F1","Nyctalus lasiopterus noctulo mayor Donana"
"157",5995292636,"true","2018-04-19 20:53:04.000",-6.44343,36.99059,1.1,290,4,0,NA,10,"gps","Nyctalus lasiopterus","GPA-1_60F1_S1","60F1","Nyctalus lasiopterus noctulo mayor Donana"
"158",5995292637,"true","2018-04-19 20:54:38.000",-6.4438,36.9903,1.1,100,4,1.027777786,NA,2,"gps","Nyctalus lasiopterus","GPA-1_60F1_S1","60F1","Nyctalus lasiopterus noctulo mayor Donana"
"159",5995292638,"true","2018-04-19 21:13:34.000",-6.44337,36.99058,1,266,6,0,NA,18,"gps","Nyctalus lasiopterus","GPA-1_60F1_S1","60F1","Nyctalus lasiopterus noctulo mayor Donana"
"160",5995292639,"true","2018-04-19 21:14:11.000",-6.44352,36.99078,1.3,126,5,1.027777786,NA,-50,"gps","Nyctalus lasiopterus","GPA-1_60F1_S1","60F1","Nyctalus lasiopterus noctulo mayor Donana"
"161",5995292640,"true","2018-04-19 21:14:49.000",-6.44333,36.99079,1.3,138,5,0,NA,22,"gps","Nyctalus lasiopterus","GPA-1_60F1_S1","60F1","Nyctalus lasiopterus noctulo mayor Donana"
"162",5995292641,"true","2018-04-19 21:15:06.000",-6.44342,36.99073,3.2,131,3,0,NA,56,"gps","Nyctalus lasiopterus","GPA-1_60F1_S1","60F1","Nyctalus lasiopterus noctulo mayor Donana"
"163",5995292642,"true","2018-04-19 21:15:36.000",-6.44375,36.99027,3.2,167,3,0,NA,-28,"gps","Nyctalus lasiopterus","GPA-1_60F1_S1","60F1","Nyctalus lasiopterus noctulo mayor Donana"
"164",5995292643,"true","2018-04-19 21:16:04.000",-6.44339,36.99068,1.3,201,4,0,NA,-6,"gps","Nyctalus lasiopterus","GPA-1_60F1_S1","60F1","Nyctalus lasiopterus noctulo mayor Donana"
"165",5995292644,"true","2018-04-19 21:16:34.000",-6.44351,36.99077,2.2,199,3,0,NA,-26,"gps","Nyctalus lasiopterus","GPA-1_60F1_S1","60F1","Nyctalus lasiopterus noctulo mayor Donana"
"166",5995292645,"true","2018-04-19 21:17:05.000",-6.44343,36.99083,2.1,221,4,0,NA,-32,"gps","Nyctalus lasiopterus","GPA-1_60F1_S1","60F1","Nyctalus lasiopterus noctulo mayor Donana"
"167",5995292646,"true","2018-04-19 21:17:34.000",-6.44331,36.99066,1.3,181,4,0,NA,0,"gps","Nyctalus lasiopterus","GPA-1_60F1_S1","60F1","Nyctalus lasiopterus noctulo mayor Donana"
"168",5995292647,"true","2018-04-19 21:18:03.000",-6.44334,36.99058,1.3,215,4,0,NA,18,"gps","Nyctalus lasiopterus","GPA-1_60F1_S1","60F1","Nyctalus lasiopterus noctulo mayor Donana"
"169",5995292648,"true","2018-04-19 21:18:33.000",-6.44354,36.99047,2.1,209,4,0,NA,30,"gps","Nyctalus lasiopterus","GPA-1_60F1_S1","60F1","Nyctalus lasiopterus noctulo mayor Donana"
"170",5995292649,"true","2018-04-19 21:19:05.000",-6.44337,36.99058,1.3,198,4,0,NA,-4,"gps","Nyctalus lasiopterus","GPA-1_60F1_S1","60F1","Nyctalus lasiopterus noctulo mayor Donana"
"171",5995292650,"true","2018-04-19 21:19:34.000",-6.44366,36.99053,1.4,182,3,0,NA,32,"gps","Nyctalus lasiopterus","GPA-1_60F1_S1","60F1","Nyctalus lasiopterus noctulo mayor Donana"
"172",5995292651,"true","2018-04-19 21:20:06.000",-6.44345,36.99065,3.1,176,3,1.027777786,NA,-10,"gps","Nyctalus lasiopterus","GPA-1_60F1_S1","60F1","Nyctalus lasiopterus noctulo mayor Donana"
"173",5995292652,"true","2018-04-19 21:20:35.000",-6.44352,36.99073,6.3,150,3,0,NA,-10,"gps","Nyctalus lasiopterus","GPA-1_60F1_S1","60F1","Nyctalus lasiopterus noctulo mayor Donana"
"174",5995292653,"true","2018-04-19 21:21:08.000",-6.44347,36.99075,1.3,151,4,0,NA,-46,"gps","Nyctalus lasiopterus","GPA-1_60F1_S1","60F1","Nyctalus lasiopterus noctulo mayor Donana"
"175",5995292654,"true","2018-04-19 21:21:36.000",-6.4434,36.99058,1.3,164,4,0,NA,22,"gps","Nyctalus lasiopterus","GPA-1_60F1_S1","60F1","Nyctalus lasiopterus noctulo mayor Donana"
"176",5995292655,"true","2018-04-19 21:22:02.000",-6.44346,36.99059,1.3,264,4,0,NA,4,"gps","Nyctalus lasiopterus","GPA-1_60F1_S1","60F1","Nyctalus lasiopterus noctulo mayor Donana"
"177",5995292656,"true","2018-04-19 21:22:33.000",-6.44354,36.99051,1.3,302,4,0,NA,-8,"gps","Nyctalus lasiopterus","GPA-1_60F1_S1","60F1","Nyctalus lasiopterus noctulo mayor Donana"
"178",5995292657,"true","2018-04-19 21:23:03.000",-6.44349,36.99042,2.4,330,4,0,NA,12,"gps","Nyctalus lasiopterus","GPA-1_60F1_S1","60F1","Nyctalus lasiopterus noctulo mayor Donana"
"179",5995292658,"true","2018-04-19 21:23:34.000",-6.44338,36.99089,1.3,275,4,0,NA,-72,"gps","Nyctalus lasiopterus","GPA-1_60F1_S1","60F1","Nyctalus lasiopterus noctulo mayor Donana"
"180",5995292659,"true","2018-04-19 21:24:33.000",-6.44341,36.99056,1.3,268,5,0,NA,26,"gps","Nyctalus lasiopterus","GPA-1_60F1_S1","60F1","Nyctalus lasiopterus noctulo mayor Donana"
"181",5995292660,"true","2018-04-19 21:25:02.000",-6.44345,36.99046,2.4,268,4,1.027777786,NA,66,"gps","Nyctalus lasiopterus","GPA-1_60F1_S1","60F1","Nyctalus lasiopterus noctulo mayor Donana"
"182",5995292661,"true","2018-04-19 21:25:34.000",-6.44279,36.99173,9,219,3,0,NA,-150,"gps","Nyctalus lasiopterus","GPA-1_60F1_S1","60F1","Nyctalus lasiopterus noctulo mayor Donana"
"183",5995292662,"true","2018-04-19 21:26:04.000",-6.44304,36.98971,2.3,297,4,0,NA,288,"gps","Nyctalus lasiopterus","GPA-1_60F1_S1","60F1","Nyctalus lasiopterus noctulo mayor Donana"
"184",5995292663,"true","2018-04-19 21:26:32.000",-6.44343,36.99072,2.2,218,4,0,NA,-18,"gps","Nyctalus lasiopterus","GPA-1_60F1_S1","60F1","Nyctalus lasiopterus noctulo mayor Donana"
"185",5995292664,"true","2018-04-19 21:27:06.000",-6.44331,36.99107,9.1,235,3,0,NA,-136,"gps","Nyctalus lasiopterus","GPA-1_60F1_S1","60F1","Nyctalus lasiopterus noctulo mayor Donana"
"186",5995292665,"true","2018-04-19 21:27:36.000",-6.44337,36.9907,2.3,163,3,1.027777786,NA,-26,"gps","Nyctalus lasiopterus","GPA-1_60F1_S1","60F1","Nyctalus lasiopterus noctulo mayor Donana"
"187",5995292666,"true","2018-04-19 21:28:04.000",-6.4438,36.98998,9.2,232,3,0,NA,110,"gps","Nyctalus lasiopterus","GPA-1_60F1_S1","60F1","Nyctalus lasiopterus noctulo mayor Donana"
"188",5995292667,"true","2018-04-19 21:28:35.000",-6.44352,36.99054,1.3,185,4,1.027777786,NA,42,"gps","Nyctalus lasiopterus","GPA-1_60F1_S1","60F1","Nyctalus lasiopterus noctulo mayor Donana"
"189",5995292668,"true","2018-04-19 21:29:07.000",-6.44344,36.99029,2.2,192,4,0,NA,82,"gps","Nyctalus lasiopterus","GPA-1_60F1_S1","60F1","Nyctalus lasiopterus noctulo mayor Donana"
"190",5995292669,"true","2018-04-19 21:29:36.000",-6.4435,36.99058,1.3,209,5,0,NA,4,"gps","Nyctalus lasiopterus","GPA-1_60F1_S1","60F1","Nyctalus lasiopterus noctulo mayor Donana"
"191",5995292670,"true","2018-04-19 21:30:05.000",-6.44348,36.99066,2.2,180,4,0,NA,6,"gps","Nyctalus lasiopterus","GPA-1_60F1_S1","60F1","Nyctalus lasiopterus noctulo mayor Donana"
"192",5995292671,"true","2018-04-19 21:30:34.000",-6.44354,36.99081,2.3,160,3,0,NA,-38,"gps","Nyctalus lasiopterus","GPA-1_60F1_S1","60F1","Nyctalus lasiopterus noctulo mayor Donana"
"193",5995292672,"true","2018-04-19 21:31:06.000",-6.44316,36.98978,5.3,187,4,2.055555572,NA,218,"gps","Nyctalus lasiopterus","GPA-1_60F1_S1","60F1","Nyctalus lasiopterus noctulo mayor Donana"
"194",5995292673,"true","2018-04-19 21:31:36.000",-6.44342,36.99038,2.2,192,4,0,NA,58,"gps","Nyctalus lasiopterus","GPA-1_60F1_S1","60F1","Nyctalus lasiopterus noctulo mayor Donana"
"195",5995292674,"true","2018-04-19 21:32:07.000",-6.44341,36.99018,1.3,183,5,2.055555572,NA,112,"gps","Nyctalus lasiopterus","GPA-1_60F1_S1","60F1","Nyctalus lasiopterus noctulo mayor Donana"
"196",5995292675,"true","2018-04-19 21:32:35.000",-6.44335,36.9905,2.3,154,3,2.055555572,NA,26,"gps","Nyctalus lasiopterus","GPA-1_60F1_S1","60F1","Nyctalus lasiopterus noctulo mayor Donana"
"197",5995292676,"true","2018-04-19 21:33:07.000",-6.4433,36.99054,1.3,171,5,0,NA,26,"gps","Nyctalus lasiopterus","GPA-1_60F1_S1","60F1","Nyctalus lasiopterus noctulo mayor Donana"
"198",5995292677,"true","2018-04-19 21:33:36.000",-6.44344,36.99047,2.3,177,3,0,NA,30,"gps","Nyctalus lasiopterus","GPA-1_60F1_S1","60F1","Nyctalus lasiopterus noctulo mayor Donana"
"199",5995292678,"true","2018-04-19 21:34:06.000",-6.44344,36.99051,2.3,166,4,2.055555572,NA,26,"gps","Nyctalus lasiopterus","GPA-1_60F1_S1","60F1","Nyctalus lasiopterus noctulo mayor Donana"
"200",5995292679,"true","2018-04-19 21:34:35.000",-6.44344,36.9907,2.4,193,4,0,NA,40,"gps","Nyctalus lasiopterus","GPA-1_60F1_S1","60F1","Nyctalus lasiopterus noctulo mayor Donana"
"201",5995292680,"true","2018-04-19 21:36:05.000",-6.44351,36.9905,1.3,208,5,0,NA,14,"gps","Nyctalus lasiopterus","GPA-1_60F1_S1","60F1","Nyctalus lasiopterus noctulo mayor Donana"
"202",5995292681,"true","2018-04-19 21:36:34.000",-6.4435,36.99053,1.3,201,5,0,NA,18,"gps","Nyctalus lasiopterus","GPA-1_60F1_S1","60F1","Nyctalus lasiopterus noctulo mayor Donana"
"203",5995292682,"true","2018-04-19 21:37:04.000",-6.44332,36.99094,4.1,145,3,0,NA,76,"gps","Nyctalus lasiopterus","GPA-1_60F1_S1","60F1","Nyctalus lasiopterus noctulo mayor Donana"
"204",5995292683,"true","2018-04-19 21:37:35.000",-6.4437,36.99041,2.4,197,4,0,NA,-88,"gps","Nyctalus lasiopterus","GPA-1_60F1_S1","60F1","Nyctalus lasiopterus noctulo mayor Donana"
"205",5995292684,"true","2018-04-19 21:38:33.000",-6.44357,36.99046,2.3,193,4,0,NA,40,"gps","Nyctalus lasiopterus","GPA-1_60F1_S1","60F1","Nyctalus lasiopterus noctulo mayor Donana"
"206",5995292685,"true","2018-04-19 21:39:05.000",-6.44342,36.99042,1.3,206,5,0,NA,52,"gps","Nyctalus lasiopterus","GPA-1_60F1_S1","60F1","Nyctalus lasiopterus noctulo mayor Donana"
"207",5995292686,"true","2018-04-19 21:39:35.000",-6.44359,36.99075,1.3,218,5,0,NA,-34,"gps","Nyctalus lasiopterus","GPA-1_60F1_S1","60F1","Nyctalus lasiopterus noctulo mayor Donana"
"208",5995292687,"true","2018-04-19 21:40:03.000",-6.44355,36.99067,1.4,187,3,0,NA,-8,"gps","Nyctalus lasiopterus","GPA-1_60F1_S1","60F1","Nyctalus lasiopterus noctulo mayor Donana"
"209",5995292688,"true","2018-04-19 21:40:34.000",-6.44353,36.99064,5.4,191,3,0,NA,-4,"gps","Nyctalus lasiopterus","GPA-1_60F1_S1","60F1","Nyctalus lasiopterus noctulo mayor Donana"
"210",5995292689,"true","2018-04-19 21:41:04.000",-6.44356,36.9906,2.4,176,4,0,NA,-34,"gps","Nyctalus lasiopterus","GPA-1_60F1_S1","60F1","Nyctalus lasiopterus noctulo mayor Donana"
"211",5995292690,"true","2018-04-19 21:44:33.000",-6.44339,36.99065,3,216,4,0,NA,14,"gps","Nyctalus lasiopterus","GPA-1_60F1_S1","60F1","Nyctalus lasiopterus noctulo mayor Donana"
"212",5995292691,"true","2018-04-19 21:45:07.000",-6.44356,36.99045,3,154,4,0,NA,-36,"gps","Nyctalus lasiopterus","GPA-1_60F1_S1","60F1","Nyctalus lasiopterus noctulo mayor Donana"
"213",5995292692,"true","2018-04-19 21:45:37.000",-6.4427,36.99147,5.3,161,3,0,NA,154,"gps","Nyctalus lasiopterus","GPA-1_60F1_S1","60F1","Nyctalus lasiopterus noctulo mayor Donana"
"214",5995292693,"true","2018-04-19 21:46:04.000",-6.44373,36.99017,5.3,177,3,0,NA,-8,"gps","Nyctalus lasiopterus","GPA-1_60F1_S1","60F1","Nyctalus lasiopterus noctulo mayor Donana"
"215",5995292694,"true","2018-04-19 21:46:36.000",-6.44351,36.99052,3.4,149,3,1.027777786,NA,-20,"gps","Nyctalus lasiopterus","GPA-1_60F1_S1","60F1","Nyctalus lasiopterus noctulo mayor Donana"
"216",5995292695,"true","2018-04-19 21:47:04.000",-6.44433,36.98999,4,206,3,0,NA,-266,"gps","Nyctalus lasiopterus","GPA-1_60F1_S1","60F1","Nyctalus lasiopterus noctulo mayor Donana"
"217",5995292696,"true","2018-04-19 21:48:05.000",-6.44351,36.99061,3.1,204,4,0,NA,22,"gps","Nyctalus lasiopterus","GPA-1_60F1_S1","60F1","Nyctalus lasiopterus noctulo mayor Donana"
"218",5995292697,"true","2018-04-19 21:48:34.000",-6.44326,36.99086,5.2,204,3,0,NA,8,"gps","Nyctalus lasiopterus","GPA-1_60F1_S1","60F1","Nyctalus lasiopterus noctulo mayor Donana"
"219",5995292698,"true","2018-04-19 21:49:05.000",-6.44342,36.99056,3.4,194,3,0,NA,42,"gps","Nyctalus lasiopterus","GPA-1_60F1_S1","60F1","Nyctalus lasiopterus noctulo mayor Donana"
"220",5995292699,"true","2018-04-19 21:49:36.000",-6.44328,36.99065,5.1,188,3,0,NA,110,"gps","Nyctalus lasiopterus","GPA-1_60F1_S1","60F1","Nyctalus lasiopterus noctulo mayor Donana"
"221",5995292700,"true","2018-04-19 21:50:06.000",-6.44387,36.99041,3.4,148,3,0,NA,-114,"gps","Nyctalus lasiopterus","GPA-1_60F1_S1","60F1","Nyctalus lasiopterus noctulo mayor Donana"
"222",5995292701,"true","2018-04-19 21:50:35.000",-6.44342,36.99061,3.4,138,3,0,NA,34,"gps","Nyctalus lasiopterus","GPA-1_60F1_S1","60F1","Nyctalus lasiopterus noctulo mayor Donana"
"223",5995292702,"true","2018-04-19 21:51:05.000",-6.44348,36.99054,5.1,177,3,0,NA,32,"gps","Nyctalus lasiopterus","GPA-1_60F1_S1","60F1","Nyctalus lasiopterus noctulo mayor Donana"
"224",5995292703,"true","2018-04-19 21:51:41.000",-6.44338,36.99087,3.4,178,3,0,NA,-40,"gps","Nyctalus lasiopterus","GPA-1_60F1_S1","60F1","Nyctalus lasiopterus noctulo mayor Donana"
"225",5995292704,"true","2018-04-19 21:52:05.000",-6.44354,36.99036,5,150,3,0,NA,88,"gps","Nyctalus lasiopterus","GPA-1_60F1_S1","60F1","Nyctalus lasiopterus noctulo mayor Donana"
"226",5995292705,"true","2018-04-19 21:52:37.000",-6.4438,36.99008,3.2,166,4,0,NA,40,"gps","Nyctalus lasiopterus","GPA-1_60F1_S1","60F1","Nyctalus lasiopterus noctulo mayor Donana"
"227",5995292706,"true","2018-04-19 21:53:09.000",-6.4433,36.99062,5,140,3,2.055555572,NA,82,"gps","Nyctalus lasiopterus","GPA-1_60F1_S1","60F1","Nyctalus lasiopterus noctulo mayor Donana"
"228",5995292707,"true","2018-04-19 21:53:37.000",-6.44355,36.9905,3.4,135,3,0,NA,-14,"gps","Nyctalus lasiopterus","GPA-1_60F1_S1","60F1","Nyctalus lasiopterus noctulo mayor Donana"
"229",5995292708,"true","2018-04-19 21:54:30.000",-6.44334,36.99052,4.4,114,3,0,NA,68,"gps","Nyctalus lasiopterus","GPA-1_60F1_S1","60F1","Nyctalus lasiopterus noctulo mayor Donana"
"230",5995292709,"true","2018-04-19 21:54:34.000",-6.44461,36.98916,8.2,134,2,1.027777786,NA,68,"gps","Nyctalus lasiopterus","GPA-1_60F1_S1","60F1","Nyctalus lasiopterus noctulo mayor Donana"
"231",5995292710,"true","2018-04-19 21:55:05.000",-6.44389,36.99011,4.4,153,3,0,NA,-6,"gps","Nyctalus lasiopterus","GPA-1_60F1_S1","60F1","Nyctalus lasiopterus noctulo mayor Donana"
"232",5995292711,"true","2018-04-19 21:55:46.000",-6.44393,36.99032,3.4,171,4,0,NA,-104,"gps","Nyctalus lasiopterus","GPA-1_60F1_S1","60F1","Nyctalus lasiopterus noctulo mayor Donana"
"233",5995292712,"true","2018-04-19 21:56:06.000",-6.44392,36.99032,3.4,158,2,0,NA,-98,"gps","Nyctalus lasiopterus","GPA-1_60F1_S1","60F1","Nyctalus lasiopterus noctulo mayor Donana"
"234",5995292713,"true","2018-04-19 21:56:34.000",-6.44397,36.98997,4.3,141,3,0,NA,-46,"gps","Nyctalus lasiopterus","GPA-1_60F1_S1","60F1","Nyctalus lasiopterus noctulo mayor Donana"
"235",5995292714,"true","2018-04-19 21:57:07.000",-6.44297,36.99077,3.4,159,4,1.027777786,NA,174,"gps","Nyctalus lasiopterus","GPA-1_60F1_S1","60F1","Nyctalus lasiopterus noctulo mayor Donana"
"236",5995292715,"true","2018-04-19 21:57:37.000",-6.44361,36.99025,3.4,138,3,1.027777786,NA,84,"gps","Nyctalus lasiopterus","GPA-1_60F1_S1","60F1","Nyctalus lasiopterus noctulo mayor Donana"
"237",5995292716,"true","2018-04-19 21:58:09.000",-6.44399,36.99032,4.3,145,3,0,NA,-82,"gps","Nyctalus lasiopterus","GPA-1_60F1_S1","60F1","Nyctalus lasiopterus noctulo mayor Donana"
"238",5995292717,"true","2018-04-19 21:58:36.000",-6.44356,36.99059,3.4,128,3,2.055555572,NA,4,"gps","Nyctalus lasiopterus","GPA-1_60F1_S1","60F1","Nyctalus lasiopterus noctulo mayor Donana"
"239",5995292718,"true","2018-04-19 21:59:06.000",-6.4441,36.9901,4.2,128,3,3.083333358,NA,-36,"gps","Nyctalus lasiopterus","GPA-1_60F1_S1","60F1","Nyctalus lasiopterus noctulo mayor Donana"
"240",5995292719,"true","2018-04-19 22:17:29.000",-6.44369,36.99059,2.3,277,5,0,NA,-26,"gps","Nyctalus lasiopterus","GPA-1_60F1_S1","60F1","Nyctalus lasiopterus noctulo mayor Donana"
"241",5995292720,"true","2018-04-19 22:17:34.000",-6.44338,36.99071,2.3,217,5,0,NA,-2,"gps","Nyctalus lasiopterus","GPA-1_60F1_S1","60F1","Nyctalus lasiopterus noctulo mayor Donana"
"242",5995292721,"true","2018-04-19 22:18:04.000",-6.44313,36.99052,4.4,220,3,0,NA,80,"gps","Nyctalus lasiopterus","GPA-1_60F1_S1","60F1","Nyctalus lasiopterus noctulo mayor Donana"
"243",5995292722,"true","2018-04-19 22:18:35.000",-6.44318,36.99046,2.3,257,5,0,NA,112,"gps","Nyctalus lasiopterus","GPA-1_60F1_S1","60F1","Nyctalus lasiopterus noctulo mayor Donana"
"244",5995292723,"true","2018-04-19 22:19:05.000",-6.4436,36.99096,2.3,248,5,0,NA,-72,"gps","Nyctalus lasiopterus","GPA-1_60F1_S1","60F1","Nyctalus lasiopterus noctulo mayor Donana"
"245",5995292724,"true","2018-04-19 22:19:33.000",-6.44317,36.9905,2.3,207,5,0,NA,66,"gps","Nyctalus lasiopterus","GPA-1_60F1_S1","60F1","Nyctalus lasiopterus noctulo mayor Donana"
"246",5995292725,"true","2018-04-19 22:20:05.000",-6.44414,36.99034,2.3,209,5,0,NA,-114,"gps","Nyctalus lasiopterus","GPA-1_60F1_S1","60F1","Nyctalus lasiopterus noctulo mayor Donana"
"247",5995292726,"true","2018-04-19 22:20:34.000",-6.44482,36.99024,4,141,4,0,NA,-236,"gps","Nyctalus lasiopterus","GPA-1_60F1_S1","60F1","Nyctalus lasiopterus noctulo mayor Donana"
"248",5995292727,"true","2018-04-19 22:21:04.000",-6.44325,36.99052,4.4,188,3,0,NA,18,"gps","Nyctalus lasiopterus","GPA-1_60F1_S1","60F1","Nyctalus lasiopterus noctulo mayor Donana"
"249",5995292728,"true","2018-04-19 22:21:34.000",-6.44336,36.99049,2.4,234,4,0,NA,20,"gps","Nyctalus lasiopterus","GPA-1_60F1_S1","60F1","Nyctalus lasiopterus noctulo mayor Donana"
"250",5995292729,"true","2018-04-19 22:22:04.000",-6.44328,36.9907,4.1,198,3,0,NA,40,"gps","Nyctalus lasiopterus","GPA-1_60F1_S1","60F1","Nyctalus lasiopterus noctulo mayor Donana"
"251",5995292730,"true","2018-04-19 22:22:35.000",-6.44331,36.99047,2.4,184,3,0,NA,26,"gps","Nyctalus lasiopterus","GPA-1_60F1_S1","60F1","Nyctalus lasiopterus noctulo mayor Donana"
"252",5995292731,"true","2018-04-19 22:23:05.000",-6.44296,36.99049,4.2,201,3,0,NA,30,"gps","Nyctalus lasiopterus","GPA-1_60F1_S1","60F1","Nyctalus lasiopterus noctulo mayor Donana"
"253",5995292732,"true","2018-04-19 22:23:33.000",-6.44326,36.99055,2.4,162,3,0,NA,10,"gps","Nyctalus lasiopterus","GPA-1_60F1_S1","60F1","Nyctalus lasiopterus noctulo mayor Donana"
"254",5995292733,"true","2018-04-19 22:24:06.000",-6.44327,36.99067,2.2,217,5,0,NA,4,"gps","Nyctalus lasiopterus","GPA-1_60F1_S1","60F1","Nyctalus lasiopterus noctulo mayor Donana"
"255",5995292734,"true","2018-04-19 22:24:34.000",-6.44372,36.99092,2.4,197,3,0,NA,-100,"gps","Nyctalus lasiopterus","GPA-1_60F1_S1","60F1","Nyctalus lasiopterus noctulo mayor Donana"
"256",5995292735,"true","2018-04-19 22:25:04.000",-6.44354,36.99068,2.3,223,4,0,NA,-36,"gps","Nyctalus lasiopterus","GPA-1_60F1_S1","60F1","Nyctalus lasiopterus noctulo mayor Donana"
